{
  "xgb": {
    "n_estimators": 900,
    "max_depth": 6,
    "learning_rate": 0.010641941739628902,
    "subsample": 0.6080183372697778,
    "colsample_bytree": 0.6110890772991875,
    "min_child_weight": 2,
    "gamma": 0.46775747247576854,
    "reg_alpha": 0.0019443316772769928,
    "reg_lambda": 0.003154667025614311
  },
  "_xgb_inner_auc": 0.9814871686257898,
  "lgbm": {
    "n_estimators": 400,
    "num_leaves": 92,
    "max_depth": 3,
    "learning_rate": 0.19953014010479245,
    "subsample": 0.9913288638304978,
    "colsample_bytree": 0.6045814294694961,
    "min_child_samples": 35,
    "reg_alpha": 0.0035813283015014782,
    "reg_lambda": 0.8573185000017567
  },
  "_lgbm_inner_auc": 0.9819862277635636,
  "rf": {
    "n_estimators": 300,
    "max_depth": 20,
    "min_samples_leaf": 1,
    "min_samples_split": 14,
    "max_features": "sqrt"
  },
  "_rf_inner_auc": 0.9830837536878624
}