{
  "chosen_model": "vote_italian_tuned",
  "tuned_threshold": 0.5758774631425847,
  "features_used": [
    "MDVP:Fo(Hz)",
    "MDVP:Fhi(Hz)",
    "MDVP:Flo(Hz)",
    "MDVP:Jitter(%)",
    "MDVP:Jitter(Abs)",
    "MDVP:RAP",
    "MDVP:PPQ",
    "MDVP:Shimmer",
    "MDVP:Shimmer(dB)",
    "Shimmer:APQ3",
    "Shimmer:APQ5",
    "MDVP:APQ",
    "NHR",
    "HNR",
    "RPDE",
    "DFA",
    "spread1",
    "spread2",
    "D2",
    "PPE",
    "CPP",
    "MFCC_1_mean",
    "MFCC_2_mean",
    "MFCC_3_mean",
    "MFCC_4_mean",
    "MFCC_5_mean",
    "MFCC_6_mean",
    "MFCC_7_mean",
    "MFCC_8_mean",
    "MFCC_9_mean",
    "MFCC_10_mean",
    "MFCC_11_mean",
    "MFCC_12_mean",
    "MFCC_13_mean",
    "MFCC_1_std",
    "MFCC_2_std",
    "MFCC_3_std",
    "MFCC_4_std",
    "MFCC_5_std",
    "MFCC_6_std",
    "MFCC_7_std",
    "MFCC_8_std",
    "MFCC_9_std",
    "MFCC_10_std",
    "MFCC_11_std",
    "MFCC_12_std",
    "MFCC_13_std",
    "F1_mean",
    "F1_bw",
    "F2_mean",
    "F2_bw",
    "F3_mean",
    "F3_bw",
    "spectral_tilt"
  ],
  "dataset": {
    "source": "Italian Parkinson's Voice (Dimauro 2019)",
    "n_recordings": 831,
    "n_subjects": 61,
    "n_features": 54
  },
  "cv_summary": {
    "auc_mean": 0.9744161243987269,
    "auc_std": 0.028280618076412377,
    "acc_mean": 0.9291834169247778,
    "acc_std": 0.04093637054610567,
    "f1_mean": 0.9326863753566073,
    "f1_std": 0.03888532114186689
  },
  "all_models_cv": {
    "xgb": {
      "auc_mean": 0.9729285224919135,
      "auc_std": 0.030666585581247092,
      "acc_mean": 0.923320982338466,
      "acc_std": 0.041359303053078555,
      "f1_mean": 0.9272386915574815,
      "f1_std": 0.03927068421343594
    },
    "lgbm": {
      "auc_mean": 0.9732622149301775,
      "auc_std": 0.026878609958131683,
      "acc_mean": 0.9280820727376178,
      "acc_std": 0.03719165742938211,
      "f1_mean": 0.9315054427477012,
      "f1_std": 0.035000405042044117
    },
    "rf": {
      "auc_mean": 0.9741475219779001,
      "auc_std": 0.02671429419447176,
      "acc_mean": 0.930468641148499,
      "acc_std": 0.037617371723466686,
      "f1_mean": 0.9343185462091184,
      "f1_std": 0.03501797722589212
    },
    "vote": {
      "auc_mean": 0.9744161243987269,
      "auc_std": 0.028280618076412377,
      "acc_mean": 0.9291834169247778,
      "acc_std": 0.04093637054610567,
      "f1_mean": 0.9326863753566073,
      "f1_std": 0.03888532114186689
    },
    "stack": {
      "auc_mean": 0.9736157229225612,
      "auc_std": 0.02744633960357143,
      "acc_mean": 0.9304846648635973,
      "acc_std": 0.03966977098080204,
      "f1_mean": 0.9336313836306287,
      "f1_std": 0.03784157557857343
    }
  },
  "best_params": {
    "xgb": {
      "n_estimators": 900,
      "max_depth": 6,
      "learning_rate": 0.010641941739628902,
      "subsample": 0.6080183372697778,
      "colsample_bytree": 0.6110890772991875,
      "min_child_weight": 2,
      "gamma": 0.46775747247576854,
      "reg_alpha": 0.0019443316772769928,
      "reg_lambda": 0.003154667025614311
    },
    "_xgb_inner_auc": 0.9814871686257898,
    "lgbm": {
      "n_estimators": 400,
      "num_leaves": 92,
      "max_depth": 3,
      "learning_rate": 0.19953014010479245,
      "subsample": 0.9913288638304978,
      "colsample_bytree": 0.6045814294694961,
      "min_child_samples": 35,
      "reg_alpha": 0.0035813283015014782,
      "reg_lambda": 0.8573185000017567
    },
    "_lgbm_inner_auc": 0.9819862277635636,
    "rf": {
      "n_estimators": 300,
      "max_depth": 20,
      "min_samples_leaf": 1,
      "min_samples_split": 14,
      "max_features": "sqrt"
    },
    "_rf_inner_auc": 0.9830837536878624
  },
  "subject_level_oof": {
    "n": 61,
    "auc": 0.9943693693693694,
    "acc": 0.9836065573770492,
    "f1": 0.9787234042553191
  }
}