{
  "S1_naive": {
    "strategy": "S1 naive concat + StandardScaler",
    "heldout_uci": {
      "acc": 0.8775510204081632,
      "auc": 0.7545045045045045,
      "f1": 0.925,
      "n": 49,
      "subject": {
        "n": 8,
        "acc": 0.875,
        "auc": 0.5833333333333334,
        "f1": 0.9230769230769231
      }
    },
    "heldout_italian": {
      "acc": 0.9541984732824428,
      "auc": 0.9927705223880597,
      "f1": 0.953125,
      "n": 262,
      "subject": {
        "n": 16,
        "acc": 1.0,
        "auc": 1.0,
        "f1": 1.0
      }
    }
  },
  "S2_per_corpus_z": {
    "strategy": "S2 per-corpus z-score",
    "heldout_uci": {
      "acc": 0.7551020408163265,
      "auc": 0.6081081081081081,
      "f1": 0.8378378378378378,
      "n": 49,
      "subject": {
        "n": 8,
        "acc": 0.75,
        "auc": 0.5833333333333334,
        "f1": 0.8333333333333334
      }
    },
    "heldout_italian": {
      "acc": 0.9541984732824428,
      "auc": 0.992245802238806,
      "f1": 0.9541984732824428,
      "n": 262,
      "subject": {
        "n": 16,
        "acc": 1.0,
        "auc": 1.0,
        "f1": 1.0
      }
    }
  },
  "S3_per_corpus_z_plus_indicator": {
    "strategy": "S3 per-corpus z-score + is_italian flag",
    "heldout_uci": {
      "acc": 0.7755102040816326,
      "auc": 0.6824324324324325,
      "f1": 0.8533333333333334,
      "n": 49,
      "subject": {
        "n": 8,
        "acc": 0.875,
        "auc": 0.6666666666666666,
        "f1": 0.9230769230769231
      }
    },
    "heldout_italian": {
      "acc": 0.9580152671755725,
      "auc": 0.9935867537313433,
      "f1": 0.9581749049429658,
      "n": 262,
      "subject": {
        "n": 16,
        "acc": 1.0,
        "auc": 1.0,
        "f1": 1.0
      }
    }
  },
  "baseline_italian_cv": {
    "auc_mean": 0.9626037607899939,
    "auc_std": 0.038429503907898815,
    "acc_mean": 0.9193748562696473
  },
  "baseline_uci_cv": {
    "auc_mean": 0.7438996415770609,
    "auc_std": 0.16780960923891353,
    "acc_mean": 0.7473616473616475
  }
}