{
  "A_italian_54feats_cv": {
    "acc_mean": 0.9209541184331405,
    "acc_std": 0.046605543103255494,
    "auc_mean": 0.9737850973215169,
    "auc_std": 0.027760474440507943,
    "f1_mean": 0.9242349800406211,
    "f1_std": 0.04463790158795486
  },
  "B_italian_uci20_cv": {
    "acc_mean": 0.9181009709193286,
    "acc_std": 0.035974564600012957,
    "auc_mean": 0.9623687283084518,
    "auc_std": 0.03849497905858219,
    "f1_mean": 0.9207098002654381,
    "f1_std": 0.0365422492807669
  },
  "C_crosscorpus": {
    "italian_to_uci": {
      "acc": 0.6666666666666666,
      "auc": 0.31391723356009066,
      "f1": 0.8,
      "confusion": [
        [
          0,
          48
        ],
        [
          17,
          130
        ]
      ],
      "subject_level": {
        "n_subjects": 32,
        "acc": 0.6875,
        "auc": 0.27604166666666663,
        "f1": 0.8148148148148148
      }
    },
    "uci_to_italian": {
      "acc": 0.5643802647412756,
      "auc": 0.5498002067627688,
      "f1": 0.5904977375565611,
      "confusion": [
        [
          208,
          186
        ],
        [
          176,
          261
        ]
      ],
      "subject_level": {
        "n_subjects": 61,
        "acc": 0.4918032786885246,
        "auc": 0.5067567567567568,
        "f1": 0.4918032786885246
      }
    }
  },
  "D_importance_italian_full": {
    "top20": [
      [
        "DFA",
        0.14189103245735168
      ],
      [
        "Shimmer:APQ3",
        0.10632535815238953
      ],
      [
        "MFCC_1_std",
        0.054659269750118256
      ],
      [
        "Shimmer:APQ5",
        0.052490100264549255
      ],
      [
        "HNR",
        0.0519070141017437
      ],
      [
        "MDVP:Shimmer",
        0.039838600903749466
      ],
      [
        "D2",
        0.033034540712833405
      ],
      [
        "MFCC_9_mean",
        0.02974819205701351
      ],
      [
        "MDVP:APQ",
        0.02905198000371456
      ],
      [
        "MDVP:Fo(Hz)",
        0.027213305234909058
      ],
      [
        "F1_mean",
        0.0251762792468071
      ],
      [
        "CPP",
        0.019341956824064255
      ],
      [
        "MFCC_10_std",
        0.01910826936364174
      ],
      [
        "MFCC_1_mean",
        0.018971122801303864
      ],
      [
        "MFCC_7_mean",
        0.017364412546157837
      ],
      [
        "MDVP:Fhi(Hz)",
        0.016938574612140656
      ],
      [
        "spectral_tilt",
        0.016458382830023766
      ],
      [
        "MFCC_4_mean",
        0.015929456800222397
      ],
      [
        "MDVP:Shimmer(dB)",
        0.015065240673720837
      ],
      [
        "MFCC_2_std",
        0.013700434938073158
      ]
    ],
    "by_group": {
      "pitch": 0.04809623816981912,
      "jitter": 0.01570899924263358,
      "other": 0.011223963228985667,
      "shimmer": 0.24277127999812365,
      "noise": 0.06093353591859341,
      "nonlinear": 0.20713919401168823,
      "extra:CPP": 0.019341956824064255,
      "extra:MFCC": 0.3147723056608811,
      "extra:formant": 0.06355420872569084,
      "extra:tilt": 0.016458382830023766
    }
  },
  "D_importance_italian_uci20": {
    "top20": [
      [
        "DFA",
        0.14149174094200134
      ],
      [
        "Shimmer:APQ3",
        0.12919257581233978
      ],
      [
        "Shimmer:APQ5",
        0.10053326189517975
      ],
      [
        "HNR",
        0.08120893687009811
      ],
      [
        "MDVP:APQ",
        0.07614628970623016
      ],
      [
        "MDVP:Shimmer",
        0.07365146279335022
      ],
      [
        "D2",
        0.04729184880852699
      ],
      [
        "MDVP:Jitter(%)",
        0.04393484815955162
      ],
      [
        "MDVP:Fo(Hz)",
        0.038985028862953186
      ],
      [
        "MDVP:PPQ",
        0.03865591809153557
      ],
      [
        "MDVP:Jitter(Abs)",
        0.03494546189904213
      ],
      [
        "NHR",
        0.03230872005224228
      ],
      [
        "MDVP:Fhi(Hz)",
        0.025905940681695938
      ],
      [
        "MDVP:Shimmer(dB)",
        0.023029755800962448
      ],
      [
        "MDVP:RAP",
        0.021520450711250305
      ],
      [
        "spread2",
        0.02045106142759323
      ],
      [
        "PPE",
        0.020333848893642426
      ],
      [
        "MDVP:Flo(Hz)",
        0.01764465682208538
      ],
      [
        "spread1",
        0.017582599073648453
      ],
      [
        "RPDE",
        0.015185581520199776
      ]
    ],
    "by_group": {
      "pitch": 0.0825356263667345,
      "jitter": 0.07888031005859375,
      "other": 0.06017636880278587,
      "shimmer": 0.40255334600806236,
      "noise": 0.1135176569223404,
      "nonlinear": 0.2623366806656122
    }
  },
  "D_importance_uci20_only": {
    "top20": [
      [
        "spread1",
        0.22217564284801483
      ],
      [
        "PPE",
        0.1364917904138565
      ],
      [
        "MDVP:Shimmer(dB)",
        0.09894900768995285
      ],
      [
        "MDVP:Fo(Hz)",
        0.06008759140968323
      ],
      [
        "MDVP:APQ",
        0.05836937949061394
      ],
      [
        "Shimmer:APQ5",
        0.05429406091570854
      ],
      [
        "spread2",
        0.04454135522246361
      ],
      [
        "MDVP:Fhi(Hz)",
        0.044200897216796875
      ],
      [
        "MDVP:Jitter(Abs)",
        0.03643698990345001
      ],
      [
        "Shimmer:APQ3",
        0.03284453600645065
      ],
      [
        "D2",
        0.03184955194592476
      ],
      [
        "NHR",
        0.030334100127220154
      ],
      [
        "DFA",
        0.025706470012664795
      ],
      [
        "MDVP:RAP",
        0.023526543751358986
      ],
      [
        "RPDE",
        0.020738324150443077
      ],
      [
        "MDVP:Jitter(%)",
        0.017535537481307983
      ],
      [
        "MDVP:Flo(Hz)",
        0.016930675134062767
      ],
      [
        "MDVP:PPQ",
        0.0163018386811018
      ],
      [
        "HNR",
        0.01595843955874443
      ],
      [
        "MDVP:Shimmer",
        0.012727192603051662
      ]
    ],
    "by_group": {
      "pitch": 0.12121916376054287,
      "jitter": 0.053972527384757996,
      "other": 0.039828382432460785,
      "shimmer": 0.25718417670577765,
      "noise": 0.046292539685964584,
      "nonlinear": 0.4815031345933676
    }
  }
}