{
  "chosen_model": "xgb",
  "tuned_threshold": 0.6009333729743958,
  "features_used": [
    "MDVP:Fo(Hz)",
    "MDVP:Fhi(Hz)",
    "MDVP:Flo(Hz)",
    "MDVP:Jitter(%)",
    "MDVP:Jitter(Abs)",
    "MDVP:RAP",
    "MDVP:PPQ",
    "MDVP:Shimmer",
    "MDVP:Shimmer(dB)",
    "Shimmer:APQ3",
    "Shimmer:APQ5",
    "MDVP:APQ",
    "NHR",
    "HNR",
    "RPDE",
    "DFA",
    "spread1",
    "spread2",
    "D2",
    "PPE"
  ],
  "outer_cv_by_model": {
    "logreg": {
      "acc_mean": 0.7331029185867896,
      "acc_std": 0.1490693188342012,
      "auc_mean": 0.7548611111111111,
      "auc_std": 0.16548627138986038,
      "f1_mean": 0.807260101010101,
      "f1_std": 0.12166154254464898
    },
    "rf": {
      "acc_mean": 0.7922427035330262,
      "acc_std": 0.08199531773323586,
      "auc_mean": 0.7854166666666667,
      "auc_std": 0.13899128170100772,
      "f1_mean": 0.8595653584523966,
      "f1_std": 0.06747942666725087
    },
    "xgb": {
      "acc_mean": 0.8287250384024577,
      "acc_std": 0.1092494241586992,
      "auc_mean": 0.7958333333333334,
      "auc_std": 0.148312264421314,
      "f1_mean": 0.8805493448350592,
      "f1_std": 0.0882716809829805
    },
    "lgbm": {
      "acc_mean": 0.7862903225806452,
      "acc_std": 0.0796263177780546,
      "auc_mean": 0.7913194444444445,
      "auc_std": 0.14572818630041143,
      "f1_mean": 0.8460172530199628,
      "f1_std": 0.06722742530564167
    },
    "stack": {
      "acc_mean": 0.8266129032258065,
      "acc_std": 0.11101216671730404,
      "auc_mean": 0.7758333333333333,
      "auc_std": 0.1547740786827651,
      "f1_mean": 0.8838203463203463,
      "f1_std": 0.08373901576329415
    }
  },
  "heldout_test": {
    "auc": 0.8693693693693694,
    "threshold_used": 0.6009333729743958,
    "at_tuned": {
      "acc": 0.8571428571428571,
      "f1": 0.9113924050632911,
      "confusion": [
        [
          6,
          6
        ],
        [
          1,
          36
        ]
      ]
    },
    "at_0.5": {
      "acc": 0.8571428571428571,
      "f1": 0.9113924050632911
    },
    "subject_level": {
      "n_subjects": 8,
      "acc": 0.875,
      "auc": 0.8333333333333333,
      "f1": 0.9230769230769231,
      "confusion": [
        [
          1,
          1
        ],
        [
          0,
          6
        ]
      ]
    }
  },
  "dataset": {
    "source": "UCI Parkinson's (original, Little 2007)",
    "n_recordings": 195,
    "n_subjects": 32
  }
}